Tag_Tuple,Tag1_Count,Tag2_Count,Co-Occurency_Count,P1,P2,P12,P1*P2-P12,|d|/std1,|d|/std2
"('New textures', 'Russian')",198,25,9,0.139143,0.017569,0.006325,-0.003880396633,0.4229435245596884,1.1141765630769602
"('Performance Optimization', 'Polish')",3,14,1,0.002108,0.009838,0.000703,-0.000682261496,0.5611464741970176,0.2607634843829121
"('Performance Optimization', 'French')",3,15,1,0.002108,0.010541,0.000703,-0.0006807795719999999,0.5599276212608584,0.25146014248203635
"('Quests', 'Tutorials for Players')",2,9,1,0.001405,0.006325,0.000703,-0.0006941133749999999,0.6990367485239773,0.3302785858085849
"('Nudity', 'Sexy/Skimpy')",11,6,2,0.00773,0.004216,0.001405,-0.00137241032,0.5911282946889819,0.799012460494908
"('New models', 'Humor, Joke or Just for Fun')",37,2,1,0.026001,0.001405,0.000703,-0.0006664685949999999,0.15798209129831153,0.6711958830099528
"('Humor, Joke or Just for Fun', 'Tutorials for Players')",2,9,1,0.001405,0.006325,0.000703,-0.0006941133749999999,0.6990367485239773,0.3302785858085849
"('Performance Optimization', 'Japanese')",3,14,1,0.002108,0.009838,0.000703,-0.000682261496,0.5611464741970176,0.2607634843829121
"('Skills', 'Spanish')",29,15,1,0.020379,0.010541,0.000703,-0.00048818496099999997,0.13033659427380984,0.18032130354617537
"('French', 'Italian')",15,14,14,0.010541,0.009838,0.009838,-0.009734297642,3.595565984491483,3.7204933680564687
"('New models', 'Tutorials for Modders')",37,8,1,0.026001,0.005622,0.000703,-0.000556822378,0.131991161201135,0.2809298947579127
"('New models', 'Nudity')",37,11,2,0.026001,0.00773,0.001405,-0.00120401227,0.2854033600239293,0.518595429936515
"('New textures', 'Polish')",198,14,2,0.139143,0.009838,0.001405,-3.6111166000000116e-05,0.003935933686292329,0.013801853873474016
"('New textures', 'Tutorials for Modders')",198,8,1,0.139143,0.005622,0.000703,7.926194599999997e-05,0.008639149544561438,0.03998950298669094
"('Czech', 'Polish')",10,14,10,0.007027,0.009838,0.007027,-0.006957868374,3.1421358811414954,2.65932932126351
"('Compilation', 'Non-Playable Resource')",4,14,1,0.002811,0.009838,0.000703,-0.0006753453819999999,0.48118183296352224,0.2581201137755967
"('Italian', 'Other languages')",14,11,10,0.009838,0.00773,0.007027,-0.0069509522600000005,2.656685950656195,2.993933006798087
"('Skills', 'Japanese')",29,14,1,0.020379,0.009838,0.000703,-0.0005025113979999999,0.13416149498937754,0.19206216949491797
"('Anime', 'English')",3,200,1,0.002108,0.140548,0.000703,-0.00040672481599999996,0.33452304989351284,0.04414484264771994
"('German', 'Italian')",14,14,14,0.009838,0.009838,0.009838,-0.009741213755999999,3.7231367386637837,3.7231367386637837
"('Body models', 'Tutorials for Modders')",15,8,1,0.010541,0.005622,0.000703,-0.000643738498,0.2377782487695622,0.32478110729730186
"('Gameplay Effects/Changes', 'Spanish')",118,15,4,0.082923,0.010541,0.002811,-0.0019369086570000002,0.26495443084291864,0.7154376348764909
"('New textures', 'French')",198,15,2,0.139143,0.010541,0.001405,6.170636299999998e-05,0.006725680161927802,0.02279253295812503
"('Audio - Music', 'English')",2,200,2,0.001405,0.140548,0.001405,-0.00120753006,1.2160951183045037,0.1310621392993434
"('Gameplay Effects/Changes', 'German')",118,14,4,0.082923,0.009838,0.002811,-0.001995203526,0.27292872729780693,0.7625759720329172
"('Skills', 'German')",29,14,1,0.020379,0.009838,0.000703,-0.0005025113979999999,0.13416149498937754,0.19206216949491797
"('New textures', 'German')",198,14,2,0.139143,0.009838,0.001405,-3.6111166000000116e-05,0.003935933686292329,0.013801853873474016
"('Japanese', 'Russian')",14,25,14,0.009838,0.017569,0.009838,-0.009665156178,3.694067182241088,2.775152003902403
"('Compilation', 'Gameplay Effects/Changes')",4,118,3,0.002811,0.082923,0.002108,-0.001874903447,1.3358638428612015,0.2564725878476526
"('Official', 'Performance Optimization')",10,3,1,0.007027,0.002108,0.000703,-0.0006881870839999999,0.3107815804125955,0.5660201521536937
"('Other languages', 'Spanish')",11,15,10,0.00773,0.010541,0.007027,-0.00694551807,2.991592377745024,2.565472048996438
"('Gameplay Effects/Changes', 'Japanese')",118,14,4,0.082923,0.009838,0.002811,-0.001995203526,0.27292872729780693,0.7625759720329172
"('Official', 'Face models')",10,127,2,0.007027,0.089248,0.001405,-0.000777854304,0.35127481399790345,0.10292038355142989
"('Gameplay Effects/Changes', 'Tutorials for Modders')",118,8,1,0.082923,0.005622,0.000703,-0.00023680689399999995,0.03239338912173046,0.11947460884800892
"('Compilation', 'Spanish')",4,15,2,0.002811,0.010541,0.001405,-0.001375369249,0.9799470224784673,0.5080213354565101
"(""Modder's Resource"", 'Non-Playable Resource')",20,14,1,0.014055,0.009838,0.000703,-0.0005647269099999999,0.18096690694175074,0.2158412245740967
"('Body models', ""Modder's Resource"")",15,20,2,0.010541,0.014055,0.001405,-0.001256846245,0.46424239040726145,0.40275675451521137
"('Saved games', 'Spanish')",29,15,1,0.020379,0.010541,0.000703,-0.00048818496099999997,0.13033659427380984,0.18032130354617537
"('Czech', 'Spanish')",10,15,10,0.007027,0.010541,0.007027,-0.006952928393,3.1399050123296828,2.5682092064466002
"('French', 'German')",15,14,14,0.010541,0.009838,0.009838,-0.009734297642,3.595565984491483,3.7204933680564687
"('Anime', 'Russian')",3,25,1,0.002108,0.017569,0.000703,-0.000665964548,0.5477425594751876,0.191218105105943
"('Body models', 'Humor, Joke or Just for Fun')",15,2,1,0.010541,0.001405,0.000703,-0.000688189895,0.25419729993219836,0.6930712530468922
"('Body models', 'Saved games')",15,29,1,0.010541,0.020379,0.000703,-0.00048818496099999997,0.18032130354617537,0.13033659427380984
"(""Modder's Resource"", 'Utilities for Players')",20,14,5,0.014055,0.009838,0.003514,-0.00337572691,1.0817526963302209,1.290218364274746
"('English', 'Polish')",200,14,14,0.140548,0.009838,0.009838,-0.008455288775999999,0.9177148230796728,3.231650291889677
"('Gameplay Effects/Changes', 'Environment - Other')",118,9,3,0.082923,0.006325,0.002108,-0.0015835120250000001,0.21661244881141165,0.7534793753655714
"('Face models', 'Saved games')",127,29,4,0.089248,0.020379,0.002811,-0.000992215008,0.13128313189721078,0.2649035412012231
"('Face models', 'Humor, Joke or Just for Fun')",127,2,1,0.089248,0.001405,0.000703,-0.00057760656,0.07642496594969281,0.581703546093633
"('Environment - Other', 'Environment - Sky')",9,1,1,0.006325,0.000703,0.000703,-0.0006985535249999999,0.3323913335463417,0.9942078416243837
"('Gameplay Effects/Changes', 'New models')",118,37,7,0.082923,0.026001,0.004919,-0.0027629190769999997,0.3779463986935843,0.6549321860731647
"('Anime', 'Italian')",3,14,1,0.002108,0.009838,0.000703,-0.000682261496,0.5611464741970176,0.2607634843829121
"('Gameplay Effects/Changes', 'Performance Optimization')",118,3,3,0.082923,0.002108,0.002108,-0.0019331983160000002,0.2644468843025409,1.5900170613570899
"('Audio - Music', 'Audio - Sound FX')",2,1,1,0.001405,0.000703,0.000703,-0.000702012285,0.7069916858039045,0.9991304798922198
"('Italian', 'Non-Playable Resource')",14,14,3,0.009838,0.009838,0.002108,-0.002011213756,0.7686951556378084,0.7686951556378084
"('Gameplay Effects/Changes', 'Italian')",118,14,4,0.082923,0.009838,0.002811,-0.001995203526,0.27292872729780693,0.7625759720329172
"('Saved games', 'Tutorials for Players')",29,9,2,0.020379,0.006325,0.001405,-0.001276102825,0.34069647662433333,0.6072054675323613
"('User Interface', 'Utilities for Modders')",13,5,1,0.009136,0.003514,0.000703,-0.000670896096,0.2659944923703725,0.42768225904752705
"('German', 'Spanish')",14,15,14,0.009838,0.010541,0.009838,-0.009734297642,3.7204933680564687,3.595565984491483
"('Russian', 'User Interface')",25,13,1,0.017569,0.009136,0.000703,-0.000542489616,0.155764802680113,0.21508434895426531
"('English', 'French')",200,15,15,0.140548,0.010541,0.010541,-0.009059483532,0.9832925340600561,3.3463093098956587
"('Gameplay Effects/Changes', 'Face models')",118,127,6,0.082923,0.089248,0.004216,0.0031847119039999988,0.4356444620521862,0.4213793881128727
"('Japanese', 'Polish')",14,14,14,0.009838,0.009838,0.009838,-0.009741213755999999,3.7231367386637837,3.7231367386637837
"('Audio - Music', ""Modder's Resource"")",2,20,1,0.001405,0.014055,0.000703,-0.000683252725,0.6880990635055076,0.21894853975131562
"('French', 'Spanish')",15,15,14,0.010541,0.010541,0.009838,-0.009726887319,3.592828827041321,3.592828827041321
"('Official', 'Spanish')",10,15,10,0.007027,0.010541,0.007027,-0.006952928393,3.1399050123296828,2.5682092064466002
"('Compilation', 'German')",4,14,2,0.002811,0.009838,0.001405,-0.001377345382,0.9813550121152718,0.5264277452483309
"('New textures', 'English')",198,200,50,0.139143,0.140548,0.035137,-0.015580729636,1.6982203961884097,1.691091448223525
"('German', 'Japanese')",14,14,14,0.009838,0.009838,0.009838,-0.009741213755999999,3.7231367386637837,3.7231367386637837
"('New textures', 'Japanese')",198,14,2,0.139143,0.009838,0.001405,-3.6111166000000116e-05,0.003935933686292329,0.013801853873474016
"('Official', 'German')",10,14,10,0.007027,0.009838,0.007027,-0.006957868374,3.1421358811414954,2.65932932126351
"('Body models', 'Nudity')",15,11,2,0.010541,0.00773,0.001405,-0.00132351807,0.4888690203820478,0.5700692921845361
"('Environment - Other', 'Face models')",9,127,1,0.006325,0.089248,0.000703,-0.00013850639999999997,0.06590522465791439,0.0183262234830133
"('Face models', 'Utilities for Players')",127,14,2,0.089248,0.009838,0.001405,-0.000526978176,0.06972616300796727,0.20141348467290834
"('English', 'Tutorials for Players')",200,9,6,0.140548,0.006325,0.004216,-0.0033270339,0.36110751599462276,1.5830959192066008
"('Tutorials for Players', 'Utilities for Modders')",9,5,2,0.006325,0.003514,0.001405,-0.00138277395,0.6579625766452792,0.8814895334971098
"('Official', 'Anime')",10,3,1,0.007027,0.002108,0.000703,-0.0006881870839999999,0.3107815804125955,0.5660201521536937
"('Environment - Water', 'New textures')",1,198,1,0.000703,0.139143,0.000703,-0.000605182471,0.8613186201899435,0.06596181563238704
"('New textures', 'Utilities for Players')",198,14,1,0.139143,0.009838,0.000703,0.0006658888339999999,0.07257850087328979,0.2545057775992602
"('English', 'Italian')",200,14,14,0.140548,0.009838,0.009838,-0.008455288775999999,0.9177148230796728,3.231650291889677
"('Environment - Other', 'New models')",9,37,1,0.006325,0.026001,0.000703,-0.000538543675,0.25625416507088367,0.12765831228998603
"('Gameplay Effects/Changes', 'Anime')",118,3,1,0.082923,0.002108,0.000703,-0.0005281983159999999,0.0722535281579714,0.4344325811113956
"('Gameplay Effects/Changes', 'Utilities for Players')",118,14,2,0.082923,0.009838,0.001405,-0.0005892035260000001,0.0805985787289353,0.22519629988097375
"('Compilation', 'Polish')",4,14,2,0.002811,0.009838,0.001405,-0.001377345382,0.9813550121152718,0.5264277452483309
"('Czech', 'French')",10,15,10,0.007027,0.010541,0.007027,-0.006952928393,3.1399050123296828,2.5682092064466002
"('Czech', 'Other languages')",10,11,10,0.007027,0.00773,0.007027,-0.00697268129,3.148825314221584,3.0032921935237784
"('Performance Optimization', 'English')",3,200,2,0.002108,0.140548,0.001405,-0.001108724816,0.9119040499878027,0.12033807777773324
"('Gameplay Effects/Changes', 'Official')",118,10,3,0.082923,0.007027,0.002108,-0.001525300079,0.20864949559472376,0.6888173000862028
"('Body models', 'Utilities for Modders')",15,5,1,0.010541,0.003514,0.000703,-0.0006659589259999999,0.24598582758171228,0.42453491621531936
"('Compilation', 'Russian')",4,25,2,0.002811,0.017569,0.001405,-0.001355613541,0.965871131770841,0.3892367143933577
"('Polish', 'Spanish')",14,15,14,0.009838,0.010541,0.009838,-0.009734297642,3.7204933680564687,3.595565984491483
"('Japanese', 'Other languages')",14,11,10,0.009838,0.00773,0.007027,-0.0069509522600000005,2.656685950656195,2.993933006798087
"('New textures', ""Modder's Resource"")",198,20,7,0.139143,0.014055,0.004919,-0.002963345135,0.3229895689592785,0.9496048333907708
"('Face models', 'Spanish')",127,15,6,0.089248,0.010541,0.004216,-0.003275236832,0.4333570300219232,1.2097770766205267
"('Skills', 'Russian')",29,25,2,0.020379,0.017569,0.001405,-0.001046961349,0.2795198284794636,0.3006135474871282
"('Performance Optimization', 'Russian')",3,25,1,0.002108,0.017569,0.000703,-0.000665964548,0.5477425594751876,0.191218105105943
"('Face models', 'Tutorials for Players')",127,9,2,0.089248,0.006325,0.001405,-0.0008405064,0.11121008217167563,0.3999364875443652
"('Saved games', 'English')",29,200,13,0.020379,0.140548,0.009136,-0.006271772308,1.6744502760000262,0.6807216839677354
"('Face models', 'Polish')",127,14,6,0.089248,0.009838,0.004216,-0.0033379781760000003,0.4416585373296622,1.2757906243735577
"(""Modder's Resource"", 'Tutorials for Players')",20,9,4,0.014055,0.006325,0.002811,-0.002722102125,0.8722984387990596,1.2952524366376659
"('Quests', 'Non-Playable Resource')",2,14,1,0.001405,0.009838,0.000703,-0.00068917761,0.6940659739483132,0.2634068549902275
"('Utilities for Modders', 'Utilities for Players')",5,14,4,0.003514,0.009838,0.002811,-0.002776429268,1.7699157119911337,1.0611640467929588
"('Face models', 'English')",127,200,46,0.089248,0.140548,0.032326,-0.019782372096,2.6174687383068385,2.1471266788318264
"('Face models', 'Nudity')",127,11,1,0.089248,0.00773,0.000703,-1.3112959999999978e-05,0.0017350175550286033,0.00564804969050715
"('Face models', ""Modder's Resource"")",127,20,6,0.089248,0.014055,0.004216,-0.0029616193600000003,0.3918613021707216,0.9490518082766899
"('Face models', 'Japanese')",127,14,6,0.089248,0.009838,0.004216,-0.0033379781760000003,0.4416585373296622,1.2757906243735577
"('English', 'Tutorials for Modders')",200,8,6,0.140548,0.005622,0.004216,-0.0034258391440000003,0.37183157751623297,1.7284158615145633
"('Performance Optimization', 'Spanish')",3,15,1,0.002108,0.010541,0.000703,-0.0006807795719999999,0.5599276212608584,0.25146014248203635
"('French', 'Other languages')",15,11,10,0.010541,0.00773,0.007027,-0.00694551807,2.565472048996438,2.991592377745024
"('Gameplay Effects/Changes', 'Body models')",118,15,1,0.082923,0.010541,0.000703,0.000171091343,0.023403999586086608,0.06319615813651787
"('Official', 'Czech')",10,10,10,0.007027,0.007027,0.007027,-0.006977621271,3.151056183033397,3.151056183033397
"('Face models', 'French')",127,15,6,0.089248,0.010541,0.004216,-0.003275236832,0.4333570300219232,1.2097770766205267
"('Skills', 'User Interface')",29,13,2,0.020379,0.009136,0.001405,-0.001218817456,0.3254023145881159,0.48323239982137084
"('Italian', 'Polish')",14,14,14,0.009838,0.009838,0.009838,-0.009741213755999999,3.7231367386637837,3.7231367386637837
"('New models', 'Italian')",37,14,4,0.026001,0.009838,0.002811,-0.002555202162,0.6056942281619843,0.9766100285188456
"('Humor, Joke or Just for Fun', 'Utilities for Players')",2,14,1,0.001405,0.009838,0.000703,-0.00068917761,0.6940659739483132,0.2634068549902275
"('Face models', 'Anime')",127,3,1,0.089248,0.002108,0.000703,-0.000514865216,0.06812345864195385,0.423466372261884
"('Face models', 'Tutorials for Modders')",127,8,3,0.089248,0.005622,0.002108,-0.001606247744,0.21252776135709212,0.810389502120647
"('Audio - Sound FX', 'English')",1,200,1,0.000703,0.140548,0.000703,-0.000604194756,0.8599128667821571,0.06557771098038322
"('Gameplay Effects/Changes', 'Czech')",118,10,3,0.082923,0.007027,0.002108,-0.001525300079,0.20864949559472376,0.6888173000862028
"('Environment - Other', 'New textures')",9,198,7,0.006325,0.139143,0.004919,-0.004038920525,1.921831515190537,0.44022182364881124
"('Gameplay Effects/Changes', 'Saved games')",118,29,2,0.082923,0.020379,0.001405,0.00028488781699999993,0.038970495141587125,0.07605991741699798
"('English', 'Utilities for Players')",200,14,7,0.140548,0.009838,0.004919,-0.0035362887759999998,0.3838194903096794,1.3515858485643506
"('English', 'German')",200,14,14,0.140548,0.009838,0.009838,-0.008455288775999999,0.9177148230796728,3.231650291889677
"('English', 'Non-Playable Resource')",200,14,8,0.140548,0.009838,0.005622,-0.004239288776,0.4601212628116728,1.6202756846403223
"('Skills', 'Italian')",29,14,1,0.020379,0.009838,0.000703,-0.0005025113979999999,0.13416149498937754,0.19206216949491797
"('Face models', 'New models')",127,37,11,0.089248,0.026001,0.00773,-0.005409462752,0.7157432675759977,1.2822783320514595
"('Anime', 'Japanese')",3,14,1,0.002108,0.009838,0.000703,-0.000682261496,0.5611464741970176,0.2607634843829121
"('Audio - Music', 'Utilities for Players')",2,14,1,0.001405,0.009838,0.000703,-0.00068917761,0.6940659739483132,0.2634068549902275
"('Saved games', 'Sexy/Skimpy')",29,6,1,0.020379,0.004216,0.000703,-0.0006170821359999999,0.1647498190618124,0.35926304883281074
"('Quests', ""Modder's Resource"")",2,20,2,0.001405,0.014055,0.001405,-0.001385252725,1.395078377171423,0.4439046493744767
"('German', 'Other languages')",14,11,10,0.009838,0.00773,0.007027,-0.0069509522600000005,2.656685950656195,2.993933006798087
"('Performance Optimization', 'Other languages')",3,11,1,0.002108,0.00773,0.000703,-0.0006867051599999999,0.5648012992175346,0.295779508700375
"('Face models', 'Italian')",127,14,6,0.089248,0.009838,0.004216,-0.0033379781760000003,0.4416585373296622,1.2757906243735577
"('Face models', 'Utilities for Modders')",127,5,1,0.089248,0.003514,0.000703,-0.00038938252799999997,0.051520444026475924,0.24822323486687414
"('New textures', 'Utilities for Modders')",198,5,1,0.139143,0.003514,0.000703,-0.000214051498,0.023330526119802738,0.13645336254445461
"('Gameplay Effects/Changes', 'User Interface')",118,13,5,0.082923,0.009136,0.003514,-0.002756415472,0.3770567547989306,1.0928537796059565
"('Compilation', 'Official')",4,10,2,0.002811,0.007027,0.001405,-0.001385247103,0.9869849678322805,0.6255701304796786
"('New models', 'Utilities for Players')",37,14,2,0.026001,0.009838,0.001405,-0.001149202162,0.2724109766601996,0.4392303563669022
"('Compilation', 'Other languages')",4,11,2,0.002811,0.00773,0.001405,-0.00138327097,0.9855769781954761,0.5958062233085466
"('New textures', 'Saved games')",198,29,1,0.139143,0.020379,0.000703,0.002132595197,0.23244204507540683,0.5693645178505705
"('Official', 'Other languages')",10,11,10,0.007027,0.00773,0.007027,-0.00697268129,3.148825314221584,3.0032921935237784
"('Official', 'French')",10,15,10,0.007027,0.010541,0.007027,-0.006952928393,3.1399050123296828,2.5682092064466002
"('New textures', 'Non-Playable Resource')",198,14,1,0.139143,0.009838,0.000703,0.0006658888339999999,0.07257850087328979,0.2545057775992602
"('Sexy/Skimpy', 'Tutorials for Players')",6,9,1,0.004216,0.006325,0.000703,-0.0006763337999999999,0.3937591591805219,0.32181856602107156
"('Audio - Music', 'Non-Playable Resource')",2,14,1,0.001405,0.009838,0.000703,-0.00068917761,0.6940659739483132,0.2634068549902275
"('New models', 'Russian')",37,25,6,0.026001,0.017569,0.004216,-0.003759188431,0.8910914248161964,1.0793741058300343
"('Saved games', ""Modder's Resource"")",29,20,2,0.020379,0.014055,0.001405,-0.001118573155,0.29863889123124876,0.35844710153519255
"('Japanese', 'Spanish')",14,15,14,0.009838,0.010541,0.009838,-0.009734297642,3.7204933680564687,3.595565984491483
"('French', 'Japanese')",15,14,14,0.010541,0.009838,0.009838,-0.009734297642,3.595565984491483,3.7204933680564687
"('English', 'Spanish')",200,15,15,0.140548,0.010541,0.010541,-0.009059483532,0.9832925340600561,3.3463093098956587
"('Anime', 'Czech')",3,10,1,0.002108,0.007027,0.000703,-0.0006881870839999999,0.5660201521536937,0.3107815804125955
"('Other languages', 'Russian')",11,25,10,0.00773,0.017569,0.007027,-0.006891191630000001,2.9681927461875146,1.9786647943465825
"('Non-Playable Resource', 'User Interface')",14,13,1,0.009838,0.009136,0.000703,-0.000613120032,0.2343372985675313,0.24308764448965658
"('Scripted Events', 'English')",1,200,1,0.000703,0.140548,0.000703,-0.000604194756,0.8599128667821571,0.06557771098038322
"('Czech', 'German')",10,14,10,0.007027,0.009838,0.007027,-0.006957868374,3.1421358811414954,2.65932932126351
"('New models', 'Tutorials for Players')",37,9,2,0.026001,0.006325,0.001405,-0.001240543675,0.29406289447651013,0.5902854279573345
"('Italian', 'Russian')",14,25,14,0.009838,0.017569,0.009838,-0.009665156178,3.694067182241088,2.775152003902403
"('New textures', 'Nudity')",198,11,5,0.139143,0.00773,0.003514,-0.0024384246100000004,0.265775897792478,1.0502848604613713
"('Czech', 'Russian')",10,25,10,0.007027,0.017569,0.007027,-0.006903542637,3.117602670922254,1.982211133505
"('Tutorials for Players', 'Utilities for Players')",9,14,2,0.006325,0.009838,0.001405,-0.00134277465,0.6389297893324957,0.5132146523406405
"('Performance Optimization', 'Italian')",3,14,1,0.002108,0.009838,0.000703,-0.000682261496,0.5611464741970176,0.2607634843829121
"('English', 'Japanese')",200,14,14,0.140548,0.009838,0.009838,-0.008455288775999999,0.9177148230796728,3.231650291889677
"('Quests', 'Utilities for Modders')",2,5,1,0.001405,0.003514,0.000703,-0.00069806283,0.703014217163941,0.4450004849804787
"('Compilation', 'Czech')",4,10,2,0.002811,0.007027,0.001405,-0.001385247103,0.9869849678322805,0.6255701304796786
"('Official', 'Skills')",10,29,1,0.007027,0.020379,0.000703,-0.000559796767,0.25280120479291285,0.149455657025595
"('Face models', 'Other languages')",127,11,3,0.089248,0.00773,0.002108,-0.00141811296,0.18763504812136847,0.6108134597247451
"('Compilation', 'Italian')",4,14,2,0.002811,0.009838,0.001405,-0.001377345382,0.9813550121152718,0.5264277452483309
"('Sexy/Skimpy', 'Utilities for Players')",6,14,1,0.004216,0.009838,0.000703,-0.0006615229919999999,0.38513635886377867,0.2528371326898525
"('Gameplay Effects/Changes', ""Modder's Resource"")",118,20,2,0.082923,0.014055,0.001405,-0.000239517235,0.032764143237806076,0.07675336947763026
"('Anime', 'Polish')",3,14,1,0.002108,0.009838,0.000703,-0.000682261496,0.5611464741970176,0.2607634843829121
"('Anime', 'German')",3,14,1,0.002108,0.009838,0.000703,-0.000682261496,0.5611464741970176,0.2607634843829121
"('New models', 'Saved games')",37,29,2,0.026001,0.020379,0.001405,-0.0008751256209999999,0.20744289647183387,0.23364278319686477
"('Russian', 'Spanish')",25,15,14,0.017569,0.010541,0.009838,-0.009652805171,2.7716056647439857,3.5654650396163725
"('Compilation', 'Japanese')",4,14,2,0.002811,0.009838,0.001405,-0.001377345382,0.9813550121152718,0.5264277452483309
"('Anime', 'French')",3,15,1,0.002108,0.010541,0.000703,-0.0006807795719999999,0.5599276212608584,0.25146014248203635
"('German', 'Russian')",14,25,14,0.009838,0.017569,0.009838,-0.009665156178,3.694067182241088,2.775152003902403
"('Other languages', 'Polish')",11,14,10,0.00773,0.009838,0.007027,-0.0069509522600000005,2.993933006798087,2.656685950656195
"('Humor, Joke or Just for Fun', 'Utilities for Modders')",2,5,1,0.001405,0.003514,0.000703,-0.00069806283,0.703014217163941,0.4450004849804787
"('Face models', 'Non-Playable Resource')",127,14,4,0.089248,0.009838,0.002811,-0.0019329781760000003,0.25575850676332235,0.7387931568248518
"('Quests', 'Tutorials for Modders')",2,8,1,0.001405,0.005622,0.000703,-0.0006951010899999999,0.7000314694253983,0.3506947345780172
"('Gameplay Effects/Changes', 'English')",118,200,37,0.082923,0.140548,0.026001,-0.014346338196,1.9624703816898703,1.5571138453312234
"('Compilation', 'Performance Optimization')",4,3,1,0.002811,0.002108,0.000703,-0.000697074412,0.4966637104777441,0.573329802194728
"('Japanese', 'Non-Playable Resource')",14,14,3,0.009838,0.009838,0.002108,-0.002011213756,0.7686951556378084,0.7686951556378084
"('New models', ""Modder's Resource"")",37,20,3,0.026001,0.014055,0.002108,-0.0017425559450000001,0.4130616723139154,0.5584025729172524
"('Official', 'Russian')",10,25,10,0.007027,0.017569,0.007027,-0.006903542637,3.117602670922254,1.982211133505
"('New models', 'Non-Playable Resource')",37,14,2,0.026001,0.009838,0.001405,-0.001149202162,0.2724109766601996,0.4392303563669022
"('Czech', 'Italian')",10,14,10,0.007027,0.009838,0.007027,-0.006957868374,3.1421358811414954,2.65932932126351
"('Czech', 'English')",10,200,10,0.007027,0.140548,0.007027,-0.006039369204,2.7273466032011133,0.6554972618195631
"('New textures', 'Sexy/Skimpy')",198,6,4,0.139143,0.004216,0.002811,-0.0022243731120000004,0.24244537167267527,1.2950222009973198
"('Gameplay Effects/Changes', 'French')",118,15,4,0.082923,0.010541,0.002811,-0.0019369086570000002,0.26495443084291864,0.7154376348764909
"('New models', 'Czech')",37,10,1,0.026001,0.007027,0.000703,-0.000520290973,0.12333162674855422,0.2349606010091103
"('Official', 'English')",10,200,10,0.007027,0.140548,0.007027,-0.006039369204,2.7273466032011133,0.6554972618195631
"('Czech', 'Japanese')",10,14,10,0.007027,0.009838,0.007027,-0.006957868374,3.1421358811414954,2.65932932126351
"('Scripted Events', 'Utilities for Players')",1,14,1,0.000703,0.009838,0.000703,-0.0006960838859999999,0.9906929578368008,0.26604646546865623
"('English', 'Other languages')",200,11,11,0.140548,0.00773,0.00773,-0.0066435639599999995,0.7210749727999463,2.861533884656288
"('Body models', 'New textures')",15,198,8,0.010541,0.139143,0.005622,-0.0041552936370000005,1.5348444239374432,0.4529059018006901
"('Humor, Joke or Just for Fun', 'Sexy/Skimpy')",2,6,1,0.001405,0.004216,0.000703,-0.0006970765199999999,0.7020209112282403,0.4058354977966268
"('Russian', ""Modder's Resource"")",25,20,1,0.017569,0.014055,0.000703,-0.00045606770499999994,0.13095051772953564,0.14614703225293946
"('Face models', 'Skills')",127,29,1,0.089248,0.020379,0.000703,0.0011157849920000002,0.14763307054680663,0.2978945019142247
"('Compilation', 'Audio - Music')",4,2,1,0.002811,0.001405,0.000703,-0.000699050545,0.49807170011454854,0.7040089380653619
"('Face models', 'Czech')",127,10,2,0.089248,0.007027,0.001405,-0.000777854304,0.10292038355142989,0.35127481399790345
"('Performance Optimization', 'German')",3,14,1,0.002108,0.009838,0.000703,-0.000682261496,0.5611464741970176,0.2607634843829121
"('Body models', 'Utilities for Players')",15,14,1,0.010541,0.009838,0.000703,-0.000599297642,0.22136309114526193,0.22905431748178712
"('Face models', 'New textures')",127,198,17,0.089248,0.139143,0.011947,0.0004712344639999991,0.06235053470570292,0.05136216318795966
"('English', 'Utilities for Modders')",200,5,4,0.140548,0.003514,0.002811,-0.002317114328,0.25149349973849966,1.4771120240211273
"('Tutorials for Modders', 'User Interface')",8,13,1,0.005622,0.009136,0.000703,-0.0006516374079999999,0.3287662918780161,0.25835887641013383
"('Tutorials for Modders', 'Tutorials for Players')",8,9,5,0.005622,0.006325,0.003514,-0.0034784408500000003,1.7549546507488325,1.6551395868964667
"('Gameplay Effects/Changes', 'Russian')",118,25,6,0.082923,0.017569,0.004216,-0.002759125813,0.3774275089150062,0.7922265701608405
"('Environment - Other', ""Modder's Resource"")",9,20,1,0.006325,0.014055,0.000703,-0.000614102125,0.2922069919586939,0.19678920933235924
"('New textures', 'Spanish')",198,15,2,0.139143,0.010541,0.001405,6.170636299999998e-05,0.006725680161927802,0.02279253295812503
"('Tutorials for Modders', 'Utilities for Modders')",8,5,2,0.005622,0.003514,0.001405,-0.001385244292,0.698888098864373,0.8830643249640436
"('French', 'Polish')",15,14,14,0.010541,0.009838,0.009838,-0.009734297642,3.595565984491483,3.7204933680564687
"('Polish', 'Russian')",14,25,14,0.009838,0.017569,0.009838,-0.009665156178,3.694067182241088,2.775152003902403
"('Official', 'Polish')",10,14,10,0.007027,0.009838,0.007027,-0.006957868374,3.1421358811414954,2.65932932126351
"('Skills', 'Polish')",29,14,1,0.020379,0.009838,0.000703,-0.0005025113979999999,0.13416149498937754,0.19206216949491797
"('Face models', 'Russian')",127,25,6,0.089248,0.017569,0.004216,-0.0026480018880000004,0.3503655743195201,0.7603196068934281
"('German', 'Non-Playable Resource')",14,14,3,0.009838,0.009838,0.002108,-0.002011213756,0.7686951556378084,0.7686951556378084
"('Russian', 'Non-Playable Resource')",25,14,3,0.017569,0.009838,0.002108,-0.001935156178,0.5556405345487234,0.7396255992151122
"('New models', 'Other languages')",37,11,1,0.026001,0.00773,0.000703,-0.0005020122699999999,0.11899877783740526,0.21622808627528006
"('Environment - Other', 'English')",9,200,3,0.006325,0.140548,0.002108,-0.0012190338999999999,0.5800504745276287,0.13231073586062267
"('Quests', 'English')",2,200,1,0.001405,0.140548,0.000703,-0.0005055300599999999,0.5091158046385882,0.054868904169330095
"('Saved games', 'Utilities for Modders')",29,5,1,0.020379,0.003514,0.000703,-0.000631388194,0.1685692789513267,0.4024967960848862
"('New models', 'Sexy/Skimpy')",37,6,2,0.026001,0.004216,0.001405,-0.001295379784,0.30706144120995693,0.7541655534105883
"('Sexy/Skimpy', 'Utilities for Modders')",6,5,1,0.004216,0.003514,0.000703,-0.000688184976,0.400658872158138,0.43870355921440357
"('New models', 'Japanese')",37,14,4,0.026001,0.009838,0.002811,-0.002555202162,0.6056942281619843,0.9766100285188456
"('Body models', 'Tutorials for Players')",15,9,1,0.010541,0.006325,0.000703,-0.000636328175,0.23504109131940018,0.30278276909612606
"('Non-Playable Resource', 'Utilities for Players')",14,14,3,0.009838,0.009838,0.002108,-0.002011213756,0.7686951556378084,0.7686951556378084
"('Anime', 'Spanish')",3,15,1,0.002108,0.010541,0.000703,-0.0006807795719999999,0.5599276212608584,0.25146014248203635
"('New models', 'English')",37,200,16,0.026001,0.140548,0.011244,-0.007589611452,1.799068550752305,0.8237564813499683
"('New textures', 'Tutorials for Players')",198,9,2,0.139143,0.006325,0.001405,-0.0005249205250000001,0.05721367116680056,0.2497718887190439
"('Official', 'New models')",10,37,1,0.007027,0.026001,0.000703,-0.000520290973,0.2349606010091103,0.12333162674855422
"(""Modder's Resource"", 'Utilities for Modders')",20,5,4,0.014055,0.003514,0.002811,-0.00276161073,0.8849589830689145,1.7604692032911908
"('New textures', 'Czech')",198,10,2,0.139143,0.007027,0.001405,-0.0004272421390000001,0.04656722319887662,0.1929402487554937
"('New models', 'Utilities for Modders')",37,5,1,0.026001,0.003514,0.000703,-0.000611632486,0.1449835445648647,0.3899029445527359
"('Environment - Sky', 'New textures')",1,198,1,0.000703,0.139143,0.000703,-0.000605182471,0.8613186201899435,0.06596181563238704
"('New textures', 'Humor, Joke or Just for Fun')",198,2,1,0.139143,0.001405,0.000703,-0.000507504085,0.0553153676644631,0.5111038314757099
"('Tutorials for Modders', 'Utilities for Players')",8,14,2,0.005622,0.009838,0.001405,-0.001349690764,0.6809505136056991,0.5158580229479558
"('Polish', 'Non-Playable Resource')",14,14,3,0.009838,0.009838,0.002108,-0.002011213756,0.7686951556378084,0.7686951556378084
"('Audio - Sound FX', 'Utilities for Players')",1,14,1,0.000703,0.009838,0.000703,-0.0006960838859999999,0.9906929578368008,0.26604646546865623
"('Humor, Joke or Just for Fun', 'Saved games')",2,29,1,0.001405,0.020379,0.000703,-0.000674367505,0.6791508202898799,0.18004398109802983
"('Italian', 'Japanese')",14,14,14,0.009838,0.009838,0.009838,-0.009741213755999999,3.7231367386637837,3.7231367386637837
"('Gameplay Effects/Changes', 'Other languages')",118,11,3,0.082923,0.00773,0.002108,-0.00146700521,0.2006751991398355,0.6318724622291909
"('Spanish', 'Non-Playable Resource')",15,14,3,0.010541,0.009838,0.002108,-0.002004297642,0.7403291628640841,0.766051785030493
"('Quests', 'Saved games')",2,29,1,0.001405,0.020379,0.000703,-0.000674367505,0.6791508202898799,0.18004398109802983
"('Humor, Joke or Just for Fun', 'Tutorials for Modders')",2,8,1,0.001405,0.005622,0.000703,-0.0006951010899999999,0.7000314694253983,0.3506947345780172
"('Skills', ""Modder's Resource"")",29,20,1,0.020379,0.014055,0.000703,-0.0004165731549999999,0.1112175315220247,0.13349099191203143
"('Audio - Sound FX', ""Modder's Resource"")",1,20,1,0.000703,0.014055,0.000703,-0.0006931193349999999,0.9864736965409746,0.22211029787206912
"('Skills', 'English')",29,200,12,0.020379,0.140548,0.008433,-0.005568772307999999,1.486761934296914,0.6044199114657419
"('Official', 'New textures')",10,198,2,0.007027,0.139143,0.001405,-0.0004272421390000001,0.1929402487554937,0.04656722319887662
"('Saved games', 'Non-Playable Resource')",29,14,1,0.020379,0.009838,0.000703,-0.0005025113979999999,0.13416149498937754,0.19206216949491797
"('New models', 'French')",37,15,4,0.026001,0.010541,0.002811,-0.0025369234590000003,0.6013613792508353,0.93706562403456
"('User Interface', 'Utilities for Players')",13,14,1,0.009136,0.009838,0.000703,-0.000613120032,0.24308764448965658,0.2343372985675313
"('French', 'Russian')",15,25,14,0.010541,0.017569,0.009838,-0.009652805171,3.5654650396163725,2.7716056647439857
"('Gameplay Effects/Changes', 'Polish')",118,14,4,0.082923,0.009838,0.002811,-0.001995203526,0.27292872729780693,0.7625759720329172
"('Compilation', 'English')",4,200,3,0.002811,0.140548,0.002108,-0.0017129195720000001,1.2204507520776269,0.18591578875811648
"('Environment - Other', 'Environment - Water')",9,1,1,0.006325,0.000703,0.000703,-0.0006985535249999999,0.3323913335463417,0.9942078416243837
"('Humor, Joke or Just for Fun', ""Modder's Resource"")",2,20,1,0.001405,0.014055,0.000703,-0.000683252725,0.6880990635055076,0.21894853975131562
"('Body models', 'Face models')",15,127,3,0.010541,0.089248,0.002108,-0.001167236832,0.431143283607518,0.15444082757790584
"('Gameplay Effects/Changes', 'Nudity')",118,11,1,0.082923,0.00773,0.000703,-6.200520999999999e-05,0.00848184299526606,0.02670705219495304
"('German', 'Polish')",14,14,14,0.009838,0.009838,0.009838,-0.009741213755999999,3.7231367386637837,3.7231367386637837
"('Skills', 'Other languages')",29,11,1,0.020379,0.00773,0.000703,-0.0005454703299999999,0.14563075631002725,0.23494645972666262
"('Face models', 'Sexy/Skimpy')",127,6,1,0.089248,0.004216,0.000703,-0.00032673043199999997,0.04323074540623019,0.190221308151402
"('New models', 'Spanish')",37,15,4,0.026001,0.010541,0.002811,-0.0025369234590000003,0.6013613792508353,0.93706562403456
"('Quests', 'Utilities for Players')",2,14,2,0.001405,0.009838,0.001405,-0.00139117761,1.4010452876142285,0.5317144864629616
"('French', 'Non-Playable Resource')",15,14,3,0.010541,0.009838,0.002108,-0.002004297642,0.7403291628640841,0.766051785030493
"('Sexy/Skimpy', 'Tutorials for Modders')",6,8,1,0.004216,0.005622,0.000703,-0.0006792976479999999,0.3954847010600182,0.3427215289862822
"('English', 'Russian')",200,25,24,0.140548,0.017569,0.016866,-0.014396712187999998,1.5625813060390488,4.133721581144878
"(""Modder's Resource"", 'User Interface')",20,13,2,0.014055,0.009136,0.001405,-0.00127659352,0.4090847746856654,0.5061392477020867
"('Body models', 'New models')",15,37,9,0.010541,0.026001,0.006325,-0.006050923459,2.2350348596359413,1.4343324644409285
"('Official', 'Japanese')",10,14,10,0.007027,0.009838,0.007027,-0.006957868374,3.1421358811414954,2.65932932126351
"('New models', 'New textures')",37,198,25,0.026001,0.139143,0.017569,-0.013951142857000002,3.3070286298341807,1.5206037139078463
"('Saved games', 'Tutorials for Modders')",29,8,1,0.020379,0.005622,0.000703,-0.0005884292619999999,0.15710001763067696,0.29687630594138265
"('Gameplay Effects/Changes', 'Skills')",118,29,13,0.082923,0.020379,0.009136,-0.007446112183,1.0185717371386025,1.9879778773294567
"('Performance Optimization', 'Environment - Other')",3,9,1,0.002108,0.006325,0.000703,-0.0006896669,0.5672372713018926,0.32816282845866607
"('New textures', 'Anime')",198,3,1,0.139143,0.002108,0.000703,-0.000409686556,0.04465375381624298,0.33695902197787075
"('Performance Optimization', 'Czech')",3,10,1,0.002108,0.007027,0.000703,-0.0006881870839999999,0.5660201521536937,0.3107815804125955
"('Official', 'Italian')",10,14,10,0.007027,0.009838,0.007027,-0.006957868374,3.1421358811414954,2.65932932126351
"('Italian', 'Spanish')",14,15,14,0.009838,0.010541,0.009838,-0.009734297642,3.7204933680564687,3.595565984491483
"('Tutorials for Players', 'User Interface')",9,13,1,0.006325,0.009136,0.000703,-0.0006452147999999999,0.30701127418380164,0.255812463687151
"('Saved games', 'Utilities for Players')",29,14,3,0.020379,0.009838,0.002108,-0.0019075113980000001,0.5092711964017135,0.7290596370436239
"('Gameplay Effects/Changes', 'New textures')",118,198,7,0.082923,0.139143,0.004919,0.006619154988999999,0.9054502577772102,0.7214542752785924
"('English', ""Modder's Resource"")",200,20,13,0.140548,0.014055,0.009136,-0.0071605978599999995,0.7771924735305556,2.294615722452326
"('Nudity', 'English')",11,200,5,0.00773,0.140548,0.003514,-0.0024275639600000003,1.0456069318418066,0.2634814125319462
"(""Modder's Resource"", 'Tutorials for Modders')",20,8,3,0.014055,0.005622,0.002108,-0.0020289827900000002,0.6501881409269905,1.023669206161675
"('Anime', 'Other languages')",3,11,1,0.002108,0.00773,0.000703,-0.0006867051599999999,0.5648012992175346,0.295779508700375
"('Scripted Events', 'Skills')",1,29,1,0.000703,0.020379,0.000703,-0.0006886735629999999,0.9801463054015854,0.1838634409875441
"('Environment - Sky', 'Environment - Water')",1,1,1,0.000703,0.000703,0.000703,-0.000702505791,0.9998328563279963,0.9998328563279963
"('Face models', 'German')",127,14,6,0.089248,0.009838,0.004216,-0.0033379781760000003,0.4416585373296622,1.2757906243735577
"('Skills', 'Utilities for Players')",29,14,1,0.020379,0.009838,0.000703,-0.0005025113979999999,0.13416149498937754,0.19206216949491797
"('Performance Optimization', 'New models')",3,37,1,0.002108,0.026001,0.000703,-0.000648189892,0.5331232593931193,0.1536492423871626
"('Performance Optimization', 'New textures')",3,198,1,0.002108,0.139143,0.000703,-0.000409686556,0.33695902197787075,0.04465375381624298
"('Skills', 'Czech')",29,10,1,0.020379,0.007027,0.000703,-0.000559796767,0.149455657025595,0.25280120479291285
"('New models', 'Polish')",37,14,4,0.026001,0.009838,0.002811,-0.002555202162,0.6056942281619843,0.9766100285188456
"('Body models', 'English')",15,200,2,0.010541,0.140548,0.001405,7.651646800000008e-05,0.028262954320113172,0.008304896349917585
"('English', 'User Interface')",200,13,5,0.140548,0.009136,0.003514,-0.002229953472,0.24203328948872585,0.8841240027042722
"('Quests', 'User Interface')",2,13,1,0.001405,0.009136,0.000703,-0.0006901639199999999,0.6950592798840137,0.2736337305393209
"('Gameplay Effects/Changes', 'Scripted Events')",118,1,1,0.082923,0.000703,0.000703,-0.000644705131,0.08819077782954754,0.91756876722607
"('Sexy/Skimpy', 'English')",6,200,6,0.004216,0.140548,0.004216,-0.003623449632,2.1095596293269563,0.39327970055945327
"('Audio - Sound FX', 'Utilities for Modders')",1,5,1,0.000703,0.003514,0.000703,-0.000700529658,0.9970203489761901,0.44657303634575257
"('Audio - Music', 'Utilities for Modders')",2,5,1,0.001405,0.003514,0.000703,-0.00069806283,0.703014217163941,0.4450004849804787
"('Skills', 'French')",29,15,1,0.020379,0.010541,0.000703,-0.00048818496099999997,0.13033659427380984,0.18032130354617537
"('Humor, Joke or Just for Fun', 'English')",2,200,1,0.001405,0.140548,0.000703,-0.0005055300599999999,0.5091158046385882,0.054868904169330095
"('Body models', 'Sexy/Skimpy')",15,6,1,0.010541,0.004216,0.000703,-0.0006585591439999999,0.2432525636698862,0.38341081698428237
"('Sexy/Skimpy', ""Modder's Resource"")",6,20,1,0.004216,0.014055,0.000703,-0.00064374412,0.37478556212717007,0.20628799548146065
"('New textures', 'Other languages')",198,11,2,0.139143,0.00773,0.001405,-0.0003294246100000002,0.035905609350656516,0.14189066134236228
"('Compilation', 'French')",4,15,2,0.002811,0.010541,0.001405,-0.001375369249,0.9799470224784673,0.5080213354565101
"('New models', 'German')",37,14,4,0.026001,0.009838,0.002811,-0.002555202162,0.6056942281619843,0.9766100285188456
"('New textures', 'Italian')",198,14,2,0.139143,0.009838,0.001405,-3.6111166000000116e-05,0.003935933686292329,0.013801853873474016
